stamp,img_delta,blur,lin_acc.x,lin_acc.y,lin_acc.z,ang_vel.x,ang_vel.y,ang_vel.z,rpe,ate,drift
1403638129195097088,59.771538,133.5925591675299,9.455245041666666,0.563882375,-4.037070916666667,0.1340412865531645,0.2310815929640492,0.3811799086355615,30.09734867603778,398.1375785770739,-16.551151080742557
1403638129445096960,50.168276,297.531084944057,8.499096666666667,-1.4628252916666666,-2.950167208333333,0.0139626340159546,-0.0048869219055841,0.3623303527140228,196.31180237976244,272.73506962645297,-10.13365963713585
1403638129695097088,50.047636,154.57733396813452,9.250939833333334,-0.0081722083333333,-4.151481833333333,-0.0760963553869527,0.0565486677646162,-0.1654572130890624,57.50442264952185,242.3241853837538,-7.312322025687706
1403638129945096960,49.98374,162.7236040770634,10.1008495,-0.122583125,-4.56009225,0.028623399732707,-0.1130973355292325,-0.0886627260013119,422.07676307714024,405.24738700764635,-70.32220162112503
1403638130195097088,50.186396,216.78627260482807,9.16921775,-0.7600153749999999,-3.669321541666666,0.1158898623324234,0.0188495559215387,0.0090757121103705,304.94062056351487,111.74991516732521,-37.34611261887488
1403638130445096960,59.91745,335.3425773842339,8.817812791666666,-0.7109821249999999,-3.4813607499999994,0.1082104136236484,-0.0335103216382911,-0.0921533845053006,132.55243809493155,118.88877949674284,10.916467581960262
1403638130695097088,49.982071,315.7954478655984,9.144701125,-0.73549875,-3.260711125,-0.0020943951023931,0.2820452071222836,0.265290046303138,311.1046445802926,270.97795930757025,-16.91328211163909
1403638130945096960,57.27768,577.8571249712156,8.204897166666667,-0.7927042083333332,-2.6477955,-0.0593411945678072,0.2597049926967562,0.1361356816555577,53.805614113572275,225.03089340520322,-1.9071791900369135
1403638131195097088,49.683094,601.0907108317359,8.629852,-1.495514125,-2.231012875,-0.0349065850398865,-0.3351032163829112,-0.2464404903815993,3.3170365640635664,228.74558364898746,1.4395661435840736
1403638131445096960,49.962282,658.6880199578851,9.26728425,-0.6864655000000001,-3.2361945,-0.0328121899374933,0.0726056968829641,0.1228711793404008,47.376389103763046,270.5898996828191,6.362557918949221
1403638131695097088,50.405741,327.9625664770817,9.013945791666666,-0.0898942916666666,-3.342433208333333,-0.036302848441482,0.0251327412287183,-0.0209439510239319,49.072023573489446,316.533288809722,20.328260193022913
1403638131945096960,50.620794,220.0081355792352,10.648387458333334,-1.0133538333333332,-3.4650163333333333,-0.0691150383789754,0.0167551608191455,-0.0118682389135614,21.963594146242325,343.7277028429663,23.061812234707702
1403638132195097088,39.238692,169.17144001221794,11.841529875,0.7109821249999999,-4.8216029166666665,0.054454272662223,0.064926248174189,0.0397935069454707,53.82056577920002,394.31203449687484,-31.04234604420907
1403638132445096960,50.593376,136.40003399545532,9.643205833333331,0.5557101666666666,-3.366949833333333,0.179419847105017,0.2066469834361286,0.3700098014227978,205.36289886851162,217.18106901180104,-27.74833817999098
1403638132695097088,49.362183,504.64173005947896,7.273265416666667,-1.1114203333333332,-2.0593965,0.0481710873550434,-0.1340412865531645,0.1514945790731078,107.81854915866668,168.10808088949264,-2.38803007968653
1403638132945096960,50.115823,804.6171170539602,7.84532,-0.0817220833333333,-2.0512242916666668,0.0837758040957278,0.3099704751541929,0.2715732316103177,13.825911694399068,165.0072336070199,-0.1928306260394379
1403638133195097088,57.195187,934.88712864922,9.667722458333332,0.1307553333333333,-2.680484333333333,-0.2436479635784084,-0.0579449311662117,-0.0607374579694026,8.922555286941671,170.72728934148114,1.9891698516584597
1403638133445096960,60.152054,593.768912736808,9.283628666666663,-0.318716125,-3.5957716666666664,-0.4649557127312894,-0.0139626340159546,0.1556833692778942,22.710494500801996,175.08776844712563,-3.1444144958218203
1403638133695097088,40.312767,398.086628930141,9.16921775,-0.6210878333333334,-3.530394,-0.228987197861656,-0.1179842574348166,0.3281218993749339,13.47364126668658,187.70455836815083,2.5160612944640945
1403638133945096960,50.101996,481.0074360818145,10.223432625,-2.803067458333333,-2.353596,-0.1270599695451872,0.0781907504893459,0.1026253600172665,12.98732801329631,199.84504646022538,1.2970884108827079
1403638134195097088,50.245523,349.04479056587866,9.937405333333334,-1.3075533333333331,-3.2770555416666665,-0.0097738438111682,0.0600393262686049,-0.0251327412287183,5.826073365164066,198.28036440784024,-1.1410492034057427
1403638134445096960,49.636126,1231.2842584471357,9.422556208333331,-0.6864655000000001,-3.587599458333333,0.0851720674973232,-0.1319468914507713,0.1933824811209717,14.055521139874601,190.55496420008356,-1.7863022681585505
1403638134695097088,62.093735,1007.5052269523868,8.956740333333332,-0.6537766666666667,-3.612116083333333,0.1256637061435917,-0.2066469834361286,0.064926248174189,10.927779510168712,180.39761693197568,-2.247346857449429
1403638134945096960,61.122894,768.0327958015154,8.033280791666666,-0.5311935416666667,-3.4731885416666666,-0.0153588974175501,0.189891822616983,0.1214749159388053,13.28914400058647,169.37227400660672,-2.295965679596577
1403638135195097088,50.129413,775.1931523196564,8.638024208333333,0.8172208333333333,-3.881798958333333,0.0160570291183478,-0.093549647906896,-0.057246799465414,7.826646683738319,161.5514612149758,-0.7480962710464496
1403638135445096960,54.128885,437.2644287307085,8.77695175,0.661948875,-3.92266,-0.182212373908208,-0.0125663706143591,-0.0293215314335047,3.79171904321917,162.9877978549228,0.8419773353682274
1403638135695097088,39.911986,375.30346013258105,8.458235625,0.0408610416666666,-3.963521041666666,-0.2122320370425104,0.2087413785385218,0.2904227875318564,2.2300374883081586,174.81612863604155,4.249854374666114
1403638135945096960,40.190459,271.50096678063454,10.329671333333332,-0.1797885833333333,-4.347614833333333,-0.1242674427419962,-0.2492330171847902,-0.1801179788058148,7.9461942626268085,183.10815243152663,1.3603723517421145
1403638136195097088,61.746836,380.399855311927,7.967903124999999,0.1552719583333333,-3.08909475,-0.0865683308989187,0.1270599695451872,0.2324778563656447,26.875797386569307,176.81156287142693,-0.7093266731304482
1403638136445096960,59.795141,467.52034429482336,10.084505083333331,-2.6477955,-3.4486719166666666,-0.1284562329467826,-0.036302848441482,0.0628318530717958,5.134252562105007,191.8118584586283,2.906528927881965
1403638136695097088,50.00949,378.9396646471064,9.259112041666668,-2.0512242916666668,-3.726527,0.2157226955464991,0.0502654824574366,0.2387610416728242,14.248746512393376,188.6189663305721,-2.5356203156713093
1403638136945096960,40.157795,260.4909747721768,7.256920999999999,-1.005181625,-2.778550833333333,0.3385938748868999,0.3783873818323706,0.4426154983057619,6.058595472293613,173.5829596579244,-1.5514217860167605
1403638137195097088,59.356928,225.53339674940852,8.940395916666665,-0.4004382083333333,-3.317916583333333,0.0712094334813686,-0.3113667385557884,-0.2345722514680378,60.824484887252126,208.01392190413682,15.271149290003848
1403638137445096960,40.314913,137.3639546485365,9.594172583333334,-0.7518431666666666,-3.603943875,-0.0914552528045028,-0.2101376419401172,-0.153588974175501,74.51476899613003,274.4623577215419,13.188143163108691
1403638137695097088,49.99423,167.44512342529077,9.586000375,0.5557101666666666,-4.535575625,-0.1703441349946465,0.0439822971502571,0.046774823953448,46.28352459976954,278.4344469707836,-7.457987453587407
1403638148295097088,39.85858,196.895154582969,8.817812791666666,0.8662540833333333,-3.9144877916666654,0.0670206432765822,0.0013962634015954,0.0237364778271228,111.84386527434059,227.97753025790598,-55.483679979172734
1403638148545096960,60.973168,351.4594812886676,7.567464916666665,0.6782932916666666,-2.623278875,0.0600393262686049,-0.0523598775598298,0.0335103216382911,32.91685625016029,238.7163818410332,3.230932520244295
1403638148795097088,40.716887,421.32871648368354,10.288810291666666,-0.2533384583333333,-3.930832208333333,0.0656243798749867,-0.0628318530717958,0.0446804288510548,8.551558780703722,247.21765697454538,1.6737514014843384
1403638149045096960,49.308061,349.23218121743275,11.016136833333332,-0.980665,-3.064578125,0.0223402144255274,0.1019272283164688,0.0265290046303138,6.305058639914041,252.04951410716515,-6.2154776650843075
1403638149295097088,49.699545,1213.644483067125,7.632842583333333,-0.8253930416666666,-3.7673880416666665,0.0614355896702004,-0.0111701072127637,0.1654572130890624,28.303822464919655,273.62865464400005,4.618784309866896
1403638149545096960,39.935588,1253.9573375131838,7.771770125,0.3840937916666667,-3.2280222916666665,-0.0223402144255274,0.0425860337486616,0.0656243798749867,52.129515847857796,273.8563548048868,2.553159961537176
1403638149795097088,39.805174,1081.9467099379783,9.438900625,0.269682875,-3.898143375,0.1487020522699168,-0.0251327412287183,0.0376991118430775,8.697814013458064,282.8553336438831,1.459487035658583
1403638150045096960,40.401221,1148.3588861639275,9.308145291666667,-0.0653776666666666,-2.557901208333333,-0.0153588974175501,0.0747000919853573,-0.0593411945678072,7.811167560489797,289.4087033089155,1.4315321312162155
1403638150295097088,60.084343,977.172127017625,7.79628675,0.7681875833333334,-3.726527,0.0209439510239319,0.0055850536063818,0.0167551608191455,14.367143869091148,274.2730320999941,-0.12405465629706214
1403638150545096960,49.401999,899.8245330024928,8.564474333333333,-0.9234595416666666,-3.0400615,0.2094395102393195,-0.2178170906488923,0.0670206432765822,12.62168624062621,274.1560560497437,0.09217957991648973
1403638150795097088,50.279855,847.3356515363088,10.484943291666664,-0.0326888333333333,-2.574245625,0.1333431548523667,0.1375319450571531,-0.0342084533390888,14.234166102668524,278.78836352413157,1.5197995229793833
1403638151045096960,49.742698,817.4901443962365,8.196724958333332,0.8253930416666666,-4.298581583333333,0.21851522234969,0.1172861257340189,-0.0314159265358979,16.57062468637507,263.97174785345834,1.3993008248565388
1403638151295097088,40.333271,613.7163457685533,11.686257916666666,-0.3595771666666666,-3.955348833333333,0.5096361415823442,0.0230383461263251,-0.0642281164733913,18.471081013326625,270.126771653571,1.0509304243633437
1403638151545096960,48.883915,553.2500810033321,10.803659416666664,-0.024516625,-4.077931958333333,0.3686135380212024,-0.0111701072127637,-0.0174532925199432,13.553278263010544,267.67124230704036,0.9311326277763783
1403638151795097088,50.157785,623.3713227669479,9.07115125,-0.2124774166666666,-4.26589275,0.1975712713257581,0.0411897703470661,-0.046774823953448,14.623948837947298,269.8534664931028,1.8564093269825435
1403638152045096960,39.719582,678.8219215162046,8.932223708333334,-0.2778550833333333,-3.5222217916666665,0.0481710873550434,-0.064926248174189,0.0425860337486616,18.05097226211561,261.7613787261345,-16.339672612500635
1403638152295097088,38.354159,557.2467538691072,9.994610791666668,-0.0081722083333333,-3.023717083333333,-0.0684169066781777,0.0663225115757845,-0.0153588974175501,27.615331852033066,275.8421078737571,0.6212331542676566
1403638152545096960,56.434393,499.8759255126291,9.545139333333331,-0.6456044583333332,-3.2525389166666665,0.0055850536063818,-0.007679448708775,0.0984365698124801,23.60691257516125,279.9389685060106,0.4863892155982512
1403638152795097088,57.542324,234.76492044998668,9.872027666666666,0.6292600416666666,-3.3260887916666664,0.2059488517353309,0.104021623418862,0.0397935069454707,36.90815568898035,287.5111167766407,-2.267075651426751
1403638153045096960,57.146788,249.14619225909507,8.38468575,0.2860272916666666,-3.1054391666666663,0.2617993877991494,-0.0851720674973232,-0.0356047167406843,26.313004152910114,266.4258222181474,-17.74283409990784
1403638153295097088,50.043821,288.2107614525098,8.825985,-0.0163444166666666,-3.669321541666666,0.1528908424747032,0.0321140582366956,-0.1075122819228507,22.318739839026627,257.8488227536707,-0.5629161131852243
1403638153545096960,49.947738,237.63104034243477,8.441891208333333,0.0817220833333333,-3.5957716666666664,0.2282890661608583,0.0090757121103705,-0.2527236756887789,28.75602354296444,257.3500686287455,-1.416393545276776
1403638153795097088,49.201727,197.9490531815472,6.382494708333334,0.6537766666666667,-2.1492907916666666,0.3755948550291797,0.0216420827247296,-0.0279252680319092,27.163977152384927,254.81452829730696,-0.9253548147679567
1403638154045096960,49.822808,327.9147865738569,8.057797416666666,-0.24516625,-3.268883333333333,0.1563815009786919,0.0698131700797731,0.0607374579694026,30.342972653364193,252.8166859499525,-0.9743549625852097
1403638154295097088,43.51449,401.98917723337627,8.564474333333333,-0.9888372083333332,-3.170816833333333,-0.0188495559215387,0.0949459113084915,0.0698131700797731,36.91361782193583,254.37303063827113,-2.2314390784496254
1403638154545096960,49.727439,741.3949109819392,9.814822208333332,0.24516625,-2.868445125,-0.0062831853071795,-0.0041887902047863,0.1473057888683213,27.05680616283377,236.00422687710557,-1.7782444727313589
1403638154795097088,50.32897,602.5308036753543,10.092677291666664,0.0735498749999999,-4.404820291666666,0.1263618378443894,-0.0809832772925368,-0.0160570291183478,28.307779721386606,224.06682732070138,-1.8277484379075304
1403638155045096960,56.948423,696.9121954572272,10.051816249999998,0.220649625,-3.800076875,0.2617993877991494,0.0488692190558412,-0.046774823953448,27.596123228071633,211.7332671710725,-1.1796827230493534
1403638155295097088,49.975872,749.0969464706302,7.837147791666666,-0.0980665,-3.28522775,0.1298524963483781,0.2136283004441059,0.0265290046303138,31.700068411958227,194.72490674259726,0.1975723109373746
1403638155545096960,43.739319,710.6553005573593,6.725727458333332,0.5883989999999999,-1.9776744166666664,0.3309144261781249,0.08307767239493,0.1340412865531645,31.493058437662246,195.66909699755482,0.2118040506666432
1403638155795097088,50.326348,605.8036193456227,9.872027666666666,-0.612915625,-4.36395925,0.4153883619746504,0.0104719755119659,-0.0216420827247296,32.880163994601624,189.22425714984064,0.44410036598213765
1403638156045096960,48.335791,487.6107785199423,10.762798375,-0.9888372083333332,-4.249548333333333,0.5333726194094671,-0.3183480555637657,-0.0963421747100869,30.19976602396498,192.94824075309623,1.6007088046524132
1403638156295097088,40.517807,718.0378018487264,9.545139333333331,-0.171616375,-3.612116083333333,0.4482005519121438,-0.1731366617978375,0.0118682389135614,25.1232082410017,206.59596127915063,2.7947773036968044
1403638156545096960,59.64756,870.6741219287276,6.758416291666666,-0.0653776666666666,-2.7376897916666665,0.1068141502220529,0.0314159265358979,0.1312487597499735,23.53844807645976,222.29698435101403,2.8678043753193094
1403638156795097088,60.00328,1056.5230518140552,9.75761675,0.7191543333333333,-3.702010375,0.0174532925199432,0.0223402144255274,0.0488692190558412,19.27535995760939,235.19490743800299,2.4982790659550744
1403638157045096960,49.569368,1006.2996187311376,10.550320958333334,1.1604535833333331,-2.7131731666666665,-0.0516617458590321,0.0118682389135614,0.1682497398922533,20.77866870559474,248.52054359155989,2.820420738241893
1403638157295097088,50.051451,880.4038655353049,10.525804333333332,0.2860272916666666,-5.24655775,-0.0307177948351002,0.0488692190558412,0.1158898623324234,19.949595271038376,267.481381593037,4.092328245542433
1403638157545096960,49.872876,600.7965387394843,7.722736874999999,-0.196133,-3.4813607499999994,0.0970403064108847,0.0495673507566389,-0.0237364778271228,16.87675127971928,289.1397216540204,4.803360426316829
1403638157795097088,50.540686,528.186263592157,9.16921775,0.2615106666666666,-2.533384583333333,0.3490658503988659,0.1333431548523667,-0.208043246837724,23.03447536841107,312.7280662775926,4.863195244158703
1403638158045096960,49.859523,568.1776585503002,7.992419749999999,-0.0898942916666666,-3.170816833333333,0.3295181627765294,-0.0502654824574366,0.1605702911834783,22.061094033515115,343.5965402209645,5.7447797155816716
1403638158295097088,48.295021,853.4294508317836,8.744262916666667,-0.3840937916666667,-3.162644625,0.0816814089933346,0.0139626340159546,-0.007679448708775,22.16637372697362,370.559014415908,4.300146149581735
1403638158545096960,59.735536,814.3689239889619,6.774760708333333,-0.24516625,-3.0809225416666663,-0.0397935069454707,-0.0565486677646162,0.0383972435438752,18.986123670765718,396.38740404759017,4.939879201162398
1403638158795097088,50.388575,780.7603330517185,8.38468575,0.122583125,-4.143309625,0.0013962634015954,-0.1563815009786919,0.2247984076568696,17.91503178120192,420.60648426742245,5.1282647305338855
1403638159045096960,59.968472,701.2820838861142,9.528794916666666,-0.9724927916666666,-3.7837324583333327,-0.0293215314335047,-0.1682497398922533,0.124965574442794,19.44643686130171,446.2245680044453,5.239312674275709
1403638159295097088,49.314261,430.19139354596257,8.580818749999999,-0.0326888333333333,-3.2443667083333327,-0.0265290046303138,0.1514945790731078,0.1103048087260416,20.327595745216474,473.99318997009294,5.7224411439447636
1403638159545096960,49.77274,450.2807130781344,9.161045541666669,0.1144109166666666,-4.0615875416666665,0.0886627260013119,0.538957673015849,0.2513274122871834,21.181459273518012,504.04863396212545,5.906435478211165
1403638159795097088,50.227404,732.3340816608824,10.435910041666666,-0.2778550833333333,-4.453853541666667,-0.0383972435438752,0.1633628179866692,-0.0006981317007977,20.199893493137125,531.0275815025312,5.082970262662343
1403638160045096960,39.71672,761.1185028118769,10.158054958333333,-1.1441091666666665,-3.979865458333333,-0.0712094334813686,-0.036302848441482,-0.0886627260013119,18.023083205455194,548.7360053961735,0.14090094882760695
1403638160295097088,50.660372,657.0291292013088,9.332661916666666,0.0572054583333333,-3.7837324583333327,0.0356047167406843,-0.3679154063204046,0.0404916386462684,12.53026756789232,565.2316628375064,3.1654651725477834
1403638160545096960,53.86734,739.3680696088688,8.28661925,-0.24516625,-2.0267076666666664,0.0216420827247296,-0.0460766922526503,0.0740019602845595,13.788942192284349,580.6000894163842,3.0579777813213695
1403638160795097088,40.440559,455.99877353099305,10.427737833333332,-0.3268883333333333,-2.909306166666666,-0.0097738438111682,0.1584758960810851,0.2569124658935653,16.237207004089175,595.7424081803782,2.431027700951063
1403638161045096960,49.788475,461.3853421068169,9.65955025,-0.612915625,-4.200515083333333,-0.2988003679414292,0.1961750079241626,0.2387610416728242,15.342853234214266,611.2288579062603,2.825149084993882
1403638161295097088,49.898624,482.3869992806611,9.095667875,-0.1552719583333333,-2.4680069166666665,-0.5619960191421741,-0.0083775804095727,0.2464404903815993,15.057712089841896,622.4854715512373,2.056183443077998
1403638161545096960,49.742699,565.4081643277502,9.291800875,0.0408610416666666,-3.162644625,-0.3134611336581816,-0.1584758960810851,0.1256637061435917,14.805939332112914,631.5775837929291,1.828496687749066
1403638161795097088,50.076485,619.9907421078941,8.548129916666667,0.3759215833333333,-3.260711125,-0.1019272283164688,0.0900589894029074,0.1438151303643327,14.203224803366194,640.7168030663439,1.8654174910482197
1403638162045096960,49.019814,749.0386204654757,10.239777041666668,0.0653776666666666,-4.020726499999999,-0.1340412865531645,0.0523598775598298,0.1864011641129944,15.057604163005442,649.9083760952221,1.889392835066701
1403638162295097088,39.112568,781.3598043846038,9.896544291666666,-0.024516625,-2.459834708333333,-0.0635299847725936,-0.0209439510239319,0.0823795406941323,15.49805055688891,659.1635693609537,1.7234317432624948
1403638162545096960,38.542986,671.8664317488862,10.697420708333333,0.0572054583333333,-3.849110125,-0.0209439510239319,0.0698131700797731,0.0006981317007977,17.668600400820537,667.8177766333588,1.638344458136885
1403638162795097088,50.169229,765.5261781544203,9.7085835,-0.6701210833333332,-3.015544875,-0.0872664625997164,-0.0635299847725936,0.1473057888683213,18.88310800759441,676.063162916652,1.5665813252905991
1403638163045096960,59.659243,491.3909585427383,6.186361708333333,0.4739880833333333,-3.293399958333333,-0.114493598930828,0.1591740277818828,0.1640609496874669,22.929552202971944,683.772998824993,1.4864990468256565
1403638163295097088,50.729752,569.1410871353175,7.79628675,-0.7763597916666666,-3.309744375,-0.3316125578789226,-0.0558505360638185,0.0349065850398865,24.054693010568833,689.4862120896654,0.9689767147958719
1403638163545096960,39.22391,679.6733356360974,9.602344791666663,-0.7273265416666667,-4.184170666666667,-0.2617993877991494,0.1137954672300302,0.1654572130890624,22.27574622191963,693.694126162202,0.6679700815642491
1403638163795097088,62.821388,739.8902423875719,8.564474333333333,-0.2615106666666666,-3.0564059166666664,-0.0523598775598298,0.0621337213709981,0.1570796326794896,23.260762318382007,695.8124548185384,0.33637540039751457
1403638164045096960,59.521437,886.6926827808979,9.602344791666663,-0.2288218333333333,-2.631451083333333,0.0418879020478639,0.1137954672300302,0.1591740277818828,25.441904074023626,696.0721034706896,0.0754142109493614
1403638164295097088,50.363302,704.1720033807785,8.499096666666667,0.2941994999999999,-3.1299557916666663,0.0642281164733913,0.0439822971502571,0.0865683308989187,27.25221701406842,694.3820684979369,-0.5587176801683427
1403638164545096960,50.221443,790.3766173161388,10.354187958333334,-0.220649625,-3.906315583333333,0.0719075651821663,0.0230383461263251,0.1752310569002306,26.848464209587174,690.9015527910126,-0.8445011061645573
1403638164795097088,50.267458,554.1566644182344,7.641014791666667,0.5557101666666666,-3.800076875,-0.2331759880664424,0.0712094334813686,-0.1857030324121966,28.321388713445234,684.3288612291481,-1.5891609381667422
1403638165045096960,50.083161,587.3274181121247,7.510259458333333,0.1879607916666666,-3.366949833333333,-0.0781907504893459,0.2296853295624537,0.314857397059777,30.92920947926794,674.6472673920036,-1.8910493128772714
1403638165295097088,50.364971,360.8132897811067,7.641014791666667,-0.0898942916666666,-2.9583394166666666,-0.1158898623324234,-0.3574434308084387,0.1905899543177807,29.817132500112265,662.210471148009,-2.6661233607679833
1403638165545096960,50.071001,305.92092801212016,9.872027666666666,-0.907115125,-4.306753791666666,-0.1089085453244461,0.1975712713257581,-0.0411897703470661,33.18884248971805,648.2313368328607,-2.715478067325762
1403638165795097088,60.208082,329.1511715016851,9.316317499999998,-0.0898942916666666,-3.930832208333333,-0.0342084533390888,-0.1445132620651305,0.0209439510239319,32.67872958549552,630.1227258384118,-4.185846590768051
1403638166045096960,40.819169,345.84249191852126,11.792496624999998,0.5066769166666666,-3.4977051666666665,0.0174532925199432,-0.2617993877991494,0.1647590813882647,32.49735273543037,606.2280098294754,-5.115639267685879
1403638166295097088,38.975715,477.0418592027593,11.45743608333333,-0.1144109166666666,-3.1299557916666663,0.0132645023151569,0.0279252680319092,-0.0125663706143591,30.718129219419005,582.0813637938138,-4.606954799079972
1403638166545096960,49.374818,478.9900333830775,9.1201845,-0.122583125,-3.832765708333333,0.0565486677646162,0.0160570291183478,0.15079644737231,30.64760137064628,561.4005579917612,-3.8967168014410163
1403638166795097088,50.024032,478.9656637260252,9.144701125,-0.4331270416666666,-4.829775124999999,0.1068141502220529,-0.0663225115757845,0.3420845333908886,28.48030468184448,536.9931010857154,-3.7232916052665814
1403638167045096960,49.828768,484.77969650855687,9.381695166666669,-0.3595771666666666,-3.048233708333333,-0.0670206432765822,-0.2555162024919699,-0.0349065850398865,28.319037105630805,524.1731718070097,-3.107367297593896
1403638167295097088,38.097858,444.4530389089544,10.501287708333331,0.1062387083333333,-3.138128,-0.0342084533390888,0.0404916386462684,-0.0356047167406843,30.583859710060896,512.2719868985176,-1.4043403015325566
1403638167545096960,49.355507,401.5295442682468,9.430728416666666,-0.0653776666666666,-3.4977051666666665,-0.0090757121103705,0.1228711793404008,0.132645023151569,32.78924234207516,510.28873792270105,0.06503867785926332
1403638167795097088,39.106846,422.0053781621053,8.97308475,0.5802267916666666,-3.391466458333333,-0.1263618378443894,0.1130973355292325,0.3302162944773272,34.186816019301745,511.88605335504144,0.21608958280091883
1403638168045096960,49.593449,433.023552995671,10.999792416666663,0.1470997499999999,-4.502886791666667,-0.3064798166502042,0.0349065850398865,0.1605702911834783,38.135626004495826,512.9979696657575,0.1942979328310912
1403638168295097088,50.094843,369.0297037066591,8.948568125,0.3023717083333333,-4.290409374999999,-0.3399901382884954,0.0551524043630208,0.1047197551196597,46.01779242195819,515.6909564078691,0.6306597100201543
1403638168545096960,60.104608,298.3616493940874,10.484943291666664,-0.4903325,-4.26589275,-0.2701769682087222,-0.2555162024919699,-0.0942477796076938,53.856442238471914,523.0807726042558,1.8511846254939428
1403638168795097088,49.957275,429.7377876488889,8.221241583333333,0.2533384583333333,-3.603943875,-0.0537561409614253,0.0335103216382911,0.1130973355292325,33.24803883557996,531.0853125563928,1.8363050898738038
1403638169045096960,50.429344,379.6830648206361,8.245758208333333,-0.4903325,-3.4241552916666667,0.0307177948351002,0.1089085453244461,0.0370009801422797,31.443562505047446,546.6479863323061,3.068500795058867
1403638169295097088,50.101042,389.2741958009533,8.866846041666665,-0.5230213333333333,-3.415983083333333,0.0677187749773799,0.1926843494201739,0.3944444109507184,31.882918547507316,566.5264144905345,3.9421533094021015
1403638169545096960,49.839735,412.5377684708069,9.193734375,1.5527195833333332,-4.2168595,-0.2988003679414292,0.1542871058762987,0.143116998663535,28.704866232876984,583.7475940150912,3.5551344090050634
1403638169795097088,48.30718,317.2832496962809,11.187753208333334,-0.2860272916666666,-4.903325,-0.546637121724624,-0.0370009801422797,-0.1542871058762987,33.35073571848595,583.8600687395636,2.632594766289685
1403638170045096960,49.983978,280.28660868839523,9.822994416666669,0.2288218333333333,-3.77556025,-0.4845034003536259,0.2624975194999471,0.2485348854839925,29.454625466814655,594.2075464543792,-1.5288492592383136
1403638170295097088,60.989141,367.192699469858,7.84532,1.005181625,-3.0318892916666664,-0.4237659423842232,-0.1123992038284348,0.3560471674068432,27.493179683787865,604.5499401996973,1.85907457439464
1403638170545096960,40.180684,432.54893830595967,10.975275791666666,0.53936575,-3.7919046666666665,-0.3818780403363593,0.1012290966156711,0.4726351614400644,22.977940105859158,608.032791570032,1.050918924144753
1403638170795097088,59.664249,462.8026504218346,10.770970583333334,-0.2369940416666666,-5.728718041666665,-0.3951425426515162,0.0125663706143591,0.2317797246648469,24.482055630455623,610.2179741350103,-1.0727799438043348
1403638171045096960,49.956321,516.5764428095629,9.986438583333332,0.2860272916666666,-3.955348833333333,-0.4160864936754481,0.0767944870877505,0.1724385300970397,25.20732069312191,609.3115949121271,-0.5913949528739977
1403638171295097088,50.148964,608.1506378804643,9.242767625,-1.0869037083333333,-3.4977051666666665,-0.1870992958137921,0.1354375499547599,0.0984365698124801,24.40736369190124,604.3278719323831,-1.2965153257283646
1403638171545096960,49.952507,654.5627248839274,9.201906583333331,-0.1307553333333333,-3.064578125,-0.104021623418862,0.161268422884276,0.1361356816555577,25.159068832508087,594.9276072236086,-2.000424680079391
1403638171795097088,49.13497,626.3798649434534,10.035471833333334,-0.5720545833333333,-3.211677875,-0.2220058808536787,0.0118682389135614,0.2241002759560719,27.760603420669593,579.8301987834041,-3.5149950117612434
1403638172045096960,41.119813,608.9297208109626,10.084505083333331,-0.5475379583333333,-3.636632708333333,-0.1277581012459849,0.0698131700797731,-0.0125663706143591,33.03981453798516,559.5712861875827,-4.8087813113884295
1403638172295097088,50.093889,672.3187830382525,8.907707083333333,-0.2860272916666666,-3.8245935,-0.0523598775598298,0.0684169066781777,0.0188495559215387,37.375054781357,531.3684503793696,-5.924502982923855
1403638172545096960,39.993286,764.4859504803017,8.441891208333333,-0.8744262916666666,-2.4434902916666665,0.0265290046303138,0.0677187749773799,0.1570796326794896,40.98673617866032,497.9242457525481,-7.185119105133367
1403638172795097088,50.386667,728.6750876307783,9.422556208333331,0.3105439166666667,-2.811239666666667,0.0579449311662117,0.0677187749773799,0.0984365698124801,46.10303449550817,457.6180556080007,-8.79186462572892
1403638173045096960,50.004482,447.2809422125412,7.927042083333333,-0.4739880833333333,-3.742871416666666,0.0432841654494593,-0.1647590813882647,0.007679448708775,51.9231123177855,410.59859639073295,-9.827926221750886
1403638173295097088,50.097466,277.35908927496496,10.149882749999998,-0.7600153749999999,-3.3996386666666667,-0.0027925268031909,0.0411897703470661,-0.0705113017805709,57.69605542403389,358.4360122774816,-10.372012428391201
1403638173545096960,49.610615,287.56005651347084,6.537766666666666,-0.024516625,-1.6589582916666663,-0.1123992038284348,0.0621337213709981,-0.2136283004441059,61.94770341291632,305.75635277391876,-9.902909901502994
1403638173795097088,50.364971,323.09079936999046,8.360169125,-0.465815875,-2.999200458333333,0.0090757121103705,-0.036302848441482,0.1256637061435917,63.33656609531143,260.87758087772113,-9.141658544861286
1403638174045096960,49.045801,756.186499563025,10.591182,-0.5802267916666666,-5.074941374999999,-0.0230383461263251,-0.1584758960810851,0.0342084533390888,68.97083731035323,213.3039976755394,-8.074827498103218
1403638174295097088,57.287216,308.6006445267984,9.553311541666666,-0.5965712083333333,-2.2963905416666663,0.0705113017805709,-0.1263618378443894,0.1563815009786919,60.949923353057834,193.92863384369087,-2.1225507643491426
1403638174545096960,49.838066,515.0835591993231,10.149882749999998,0.024516625,-3.906315583333333,0.0411897703470661,-0.036302848441482,0.1556833692778942,57.481226685749256,197.8303021681963,3.164289802424662
1403638174795097088,50.423146,438.5032273819311,10.934414749999998,0.0326888333333333,-2.7376897916666665,0.0006981317007977,-0.0439822971502571,-0.0335103216382911,53.21288316935174,224.77150479546074,6.6428684485692315
1403638175045096960,50.508022,573.4783183995601,11.661741291666669,-0.196133,-2.803067458333333,-0.0446804288510548,0.1445132620651305,-0.0230383461263251,46.35667058288952,265.2620068713453,8.680402790281278
1403638175295097088,49.982547,414.2192902884158,8.87501825,-0.318716125,-2.974683833333333,-0.0041887902047863,0.0,0.1054178868204575,38.973783947049625,313.2719569329689,9.871582126978524
1403638175545096960,59.728145,407.07315463469286,11.416575041666665,-0.6782932916666666,-6.3089448333333324,0.0300196631343024,-0.3050835532486088,0.1619665545850737,39.31380136915897,359.25396459166825,8.38982650912186
1403638175795097088,49.297094,518.059075576063,9.250939833333334,0.8499096666666667,-2.034879875,0.0390953752446729,-0.1298524963483781,0.0628318530717958,38.474208804207464,397.25095856215876,7.1177721699324366
1403638176045096960,39.127111,445.20427350222064,8.597163166666666,-0.5066769166666666,-2.4434902916666665,-0.0020943951023931,0.3888593573443366,0.0558505360638185,34.372029321725584,432.1895655692431,6.8262142848095095
1403638176295097088,60.473919,566.0509882524702,8.482752249999999,0.0735498749999999,-3.260711125,-0.0132645023151569,0.2317797246648469,0.1277581012459849,33.69606282001227,456.17193794807747,5.060671515490242
1403638176545096960,50.64106,729.3283490180806,8.302963666666667,-0.3105439166666667,-4.0125542916666666,-0.0125663706143591,-0.0167551608191455,0.064926248174189,27.251363517228516,477.8491106583977,3.869076247642056
1403638176795097088,40.686846,745.7968859396022,8.809640583333332,0.44129925,-3.2525389166666665,0.0160570291183478,0.0342084533390888,0.1005309649148733,24.1914313599836,493.4554437890921,2.778674453608403
1403638177045096960,59.708118,661.872099769876,7.739081291666666,-0.6537766666666667,-2.3209071666666663,-0.0551524043630208,-0.0104719755119659,-0.0048869219055841,18.21712523811724,506.24441184604603,2.30126598730277
1403638177295097088,40.598154,730.3725652903867,8.38468575,0.465815875,-2.941995,0.018151424220741,0.0537561409614253,0.0795870138909414,14.257470758627369,516.5520931801948,1.8449631410161373
1403638177545096960,50.045252,502.1638664741492,8.629852,-0.1634441666666666,-3.4813607499999994,0.0942477796076938,0.0607374579694026,0.2359685148696333,13.910182210568326,531.9074086785889,0.9373733912394755
1403638177795097088,38.727045,555.1023626667231,8.703401874999999,-0.1470997499999999,-2.6641399166666666,0.0202458193231342,0.1864011641129944,0.3302162944773272,9.828683501136675,536.028334358261,0.7712317605836461
1403638178045096960,49.715757,650.1780119885929,9.242767625,0.9398039583333332,-3.4813607499999994,-0.1089085453244461,0.2059488517353309,0.0013962634015954,4.910259465942907,546.1100779371386,6.0920885757564065
1403638178295097088,50.022363,528.5173315356927,12.20927925,-0.1470997499999999,-5.115802416666666,-0.3274237676741362,-0.0321140582366956,0.1780235837034216,8.87433877369101,553.3156366788319,1.5351992764796023
1403638178545096960,50.31228,379.7195431446178,9.291800875,0.0163444166666666,-3.6284605,-0.494277244164794,-0.1710422666954443,0.3714060648243933,14.831412853249729,561.9236506585253,2.042148939759386
1403638178795097088,60.464143,438.5185378086285,10.918070333333333,0.1879607916666666,-3.048233708333333,-0.4349360495969869,-0.0530580092606276,0.1598721594826805,14.434046091447216,574.7662205187362,3.5936197181825946
1403638179045096960,39.482355,472.5246896719809,7.755425708333333,-0.2288218333333333,-3.317916583333333,-0.2687807048071267,-0.1570796326794896,0.0376991118430775,14.679493893382078,589.2984310030248,3.2963859901708474
1403638179295097088,49.64137,446.8351151070596,8.825985,-0.171616375,-2.9338227916666666,-0.2666863097047335,-0.104021623418862,0.0300196631343024,16.00771929618433,606.1235041310581,3.861079636171098
1403638179545096960,49.895287,298.190559571516,8.147691708333333,0.4249548333333333,-2.9583394166666666,-0.3923500158483253,0.2178170906488923,0.3050835532486088,17.29595555390974,626.0128275819433,2.946006841405506
1403638179795097088,50.075531,256.02852280792854,9.610517,-0.8580818749999999,-3.8409379166666655,-0.4649557127312894,-0.0013962634015954,0.2359685148696333,20.887669241076832,652.4081279307408,8.726500960334192
1403638180045096960,39.071322,355.3003493913788,8.703401874999999,-0.196133,-2.705000958333333,-0.2946115777366427,-0.171740398396242,0.1745329251994329,17.79797812069371,670.0769493250111,4.201114620002727
1403638180295097088,49.681663,380.3165014882296,6.815621749999999,-0.8499096666666667,-2.3617682083333333,-0.1019272283164688,-0.093549647906896,0.0663225115757845,23.828334937413462,696.4233086927978,4.3030506578356835
1403638180545096960,60.434341,370.0954428431381,10.190743791666666,-0.3350605416666666,-3.28522775,-0.0062831853071795,0.0027925268031909,-0.0132645023151569,21.128354058584623,720.3749637819274,5.088733505733103
1403638180795097088,49.494028,405.70560146493926,9.545139333333331,-0.7191543333333333,-4.609125499999999,0.0705113017805709,-0.1591740277818828,0.0314159265358979,24.173659764637375,748.6806474754994,8.093701773781731
1403638181045096960,39.387942,368.9075196361757,8.409202375,0.318716125,-2.288218333333333,0.0760963553869527,0.1445132620651305,0.0921533845053006,23.244634796001858,774.5247921697315,5.280757583964032
1403638181295097088,49.368381,231.2022495530228,10.084505083333331,-0.2615106666666666,-2.89296175,0.0062831853071795,0.2254965393576673,0.2241002759560719,24.407652890491544,801.2924719284064,5.8987202779184145
1403638181545096960,50.264597,154.97006437416857,9.471589458333332,-0.269682875,-3.955348833333333,-0.3043854215478111,0.3860668305411457,0.4747295565424576,27.111416806298593,832.497485572492,6.371080510385468
1403638181795097088,61.127186,181.31009485895885,8.164036124999999,-0.0735498749999999,-2.999200458333333,-0.4949753758655918,-0.1277581012459849,-0.0495673507566389,26.508639272091106,863.811531838176,5.802082689657823
1403638182045096960,59.812307,224.77869015908323,9.161045541666669,-0.3514049583333333,-2.8766173333333334,-0.2729694950119131,-0.2234021442552742,0.1549852375770964,19.623729730110146,887.6192945300529,4.954464158733572
1403638182295097088,40.256023,281.6997063251137,8.752435125,0.269682875,-3.391466458333333,-0.0698131700797731,-0.0425860337486616,0.1905899543177807,21.038420185902886,911.3310791804408,4.931372963393869
1403638182545096960,49.997092,242.4957827095817,10.476771083333333,-0.563882375,-3.538566208333333,-0.1054178868204575,-0.0607374579694026,-0.1780235837034216,22.200845403050657,934.994007737285,4.701749636293016
1403638182795097088,49.437046,249.43995422713252,10.174399375,0.0,-4.502886791666667,0.0537561409614253,0.0111701072127637,0.0041887902047863,24.133038312284967,957.9443759171978,4.4730215958418285
1403638183045096960,50.501347,213.14024231482009,7.657359208333333,0.8907707083333333,-3.162644625,0.0488692190558412,0.1354375499547599,0.0712094334813686,38.836601009177116,993.4928428208984,7.974001407345895
1403638209145096960,61.88941,658.2547123806372,9.414383999999998,1.0215260416666667,-2.9174783749999995,0.0342084533390888,-0.0202458193231342,0.0048869219055841,1766.977331328103,656.3809548635434,-360.7368730037048
1403638209395097088,49.981356,782.3329959805951,8.033280791666666,0.4249548333333333,-2.3699404166666667,0.0642281164733913,0.0383972435438752,0.1256637061435917,23.473789724404686,650.574090506383,-1.3373141981674053
1403638209645096960,50.11344,694.6087698658748,8.131347291666666,0.63743225,-3.2035056666666666,0.0041887902047863,0.0600393262686049,0.1298524963483781,24.261353006958675,642.3319366684265,-1.8956114487831428
1403638209895097088,39.363146,787.6639913304167,7.771770125,-0.122583125,-3.1544724166666662,-0.0684169066781777,0.0684169066781777,-0.0321140582366956,29.65851314769461,631.9872201320924,-2.3936561562316
1403638210145096960,59.842587,789.7314962625952,9.602344791666663,0.0817220833333333,-3.996209875,-0.0321140582366956,0.1410226035611418,0.0404916386462684,31.847809281065466,620.3411680109568,-2.487908922833867
1403638210395097088,40.910721,749.6097512889372,8.319308083333333,0.3350605416666666,-3.113611375,0.0216420827247296,-0.1110029404268393,0.0628318530717958,28.715722937324024,605.0237780120095,-3.172014040232739
1403638210645096960,63.034535,656.6936222825309,7.902525458333333,0.1389275416666666,-2.966511625,-0.0153588974175501,0.0139626340159546,0.1500983156715123,32.0736010681002,587.3641057187518,-3.728451670077334
1403638210895097088,37.578105,612.5677459870604,11.212269833333332,0.907115125,-2.770378625,0.0174532925199432,-0.1591740277818828,0.1654572130890624,35.539166685546135,566.5509481513033,-4.649564266410266
1403638211145096960,38.808108,632.4297120980721,8.278447041666666,0.8744262916666666,-1.81423025,0.0307177948351002,-0.0153588974175501,0.0991347015132779,38.77397059702417,542.7156757514001,-5.315434855970921
1403638211395097088,49.651623,617.0734850871519,8.629852,-0.1307553333333333,-3.6202882916666654,-0.1361356816555577,0.0663225115757845,0.0795870138909414,31.421979980515687,516.2225098574568,-5.493967993674119
1403638211645096960,61.62095,574.8678193218092,9.520622708333333,0.8907707083333333,-2.574245625,-0.4363323129985824,0.0984365698124801,0.3183480555637657,37.26499536476726,491.6369103450715,-5.3930924528369815
1403638211895097088,50.211668,432.3788238248782,9.487933875,-0.171616375,-3.023717083333333,-0.549429648527815,0.1417207352619395,0.2946115777366427,31.309160457075873,461.09510267782696,-5.953694438095965
1403638212145096960,40.074825,526.2067669646113,9.5124505,-0.5066769166666666,-3.4568441249999995,-0.5382595413150513,0.0509636141582344,0.1933824811209717,33.278363988924326,430.8801855758811,-6.226263072564848
1403638212395097088,49.883843,564.760120915707,11.776152208333334,-0.1062387083333333,-3.4404997083333333,-0.5731661263549379,0.0537561409614253,0.0453785605518525,34.19399491228695,400.5603403459021,-6.09721162118268
1403638212645096960,50.240517,592.3355131292221,8.041452999999999,-0.196133,-2.966511625,-0.4488986836129415,-0.0977384381116824,0.3483677186980682,37.40279801370644,370.6259932599115,-7.670272511681105
1403638212895097088,44.929266,582.1391608613657,8.915879291666666,-0.3023717083333333,-2.982856041666666,-0.5682792044493538,-0.0579449311662117,0.2911209192326541,39.630895910187114,339.9908271219322,-6.070485093646539
1403638213145096960,60.794592,398.18541765248216,8.3356525,0.0,-3.2770555416666665,-0.5759586531581287,-0.0726056968829641,0.4021238596594935,40.045580927937976,310.47441388587384,-5.397805632065797
1403638213395097088,49.875021,147.40226440877905,7.387676333333332,0.563882375,-2.1411185833333333,-0.4733332931408622,-0.0844739357965255,0.5626941508429718,42.64706096607976,285.55996858098644,-4.572612583496607
1403638220695097088,50.380946,1131.133356831907,7.886181041666666,-0.2369940416666666,-2.7376897916666665,-0.0335103216382911,0.0439822971502571,0.1033234917180643,858.5464724226938,324.5022886873301,54.166101264174074
1403638220945096960,50.064802,1133.7136929240007,7.485742833333332,-0.24516625,-2.69682875,0.0139626340159546,-0.0342084533390888,0.1186823891356144,4.861173947196211,312.16220999262276,-2.6252749741731805
1403638221195097088,50.082445,1120.3434509633776,9.520622708333333,-0.171616375,-2.7376897916666665,-0.0083775804095727,-0.0027925268031909,0.1019272283164688,6.522915979606653,298.8462740421274,-2.6467156748186085
1403638221445096960,56.08964,1107.4696992828076,8.629852,0.563882375,-2.0593965,0.018151424220741,0.0132645023151569,0.0823795406941323,4.820820487118917,287.4186964937116,-2.0965671947457736
1403638221695097088,56.179523,1171.6245250162465,10.558493166666668,-0.122583125,-2.8439285,0.0642281164733913,0.0705113017805709,0.0795870138909414,6.515811066085493,278.2675025290364,-1.4910308623901187
1403638221945096960,58.281899,1203.7707973513875,8.28661925,0.1062387083333333,-2.909306166666666,-0.0069813170079773,0.025830872929516,0.0006981317007977,5.428332614493933,270.154994703486,-1.3546374022395185
1403638222195097088,49.969912,1057.5519031221304,8.817812791666666,-0.2124774166666666,-3.268883333333333,-0.0383972435438752,-0.1061160185212552,0.0621337213709981,3.92165021130483,263.64230333809616,-1.2165590173656824
1403638222445096960,60.818672,1175.7736903201985,8.997601374999999,-1.046042666666667,-3.0400615,-0.0411897703470661,-0.075398223686155,0.0328121899374933,5.642928272491794,258.0468949859003,-0.9384698906376343
1403638222695097088,49.938917,1304.961663445344,8.87501825,0.2533384583333333,-2.778550833333333,0.0125663706143591,0.2031563249321399,0.0921533845053006,6.984864607940208,255.37102773067585,-0.2751015825604952
1403638222945096960,60.301065,1194.3655532523003,8.719746291666667,0.7600153749999999,-2.672312125,0.0404916386462684,0.1117010721276371,0.1033234917180643,47.495965594299314,219.06614965626915,0.5027379257539906
1403638223195097088,49.72887,682.1688587193595,8.5317855,0.53936575,-2.50069575,0.0244346095279206,-0.3595378259108319,0.2066469834361286,10.142852231546678,219.7759951106337,-0.3026876381836985
1403638223445096960,49.486637,715.2057593591214,8.327480291666665,0.220649625,-2.3372515833333334,0.1012290966156711,0.1277581012459849,0.2911209192326541,7.551966119572892,216.3835902424509,-1.2403379018961118
1403638223695097088,39.340734,401.2833676323757,9.577828166666666,0.9234595416666666,-3.2770555416666665,-0.0781907504893459,0.0083775804095727,-0.1305506280491758,50.51932765432979,187.62525940807896,4.801582036788432
1403638223945096960,50.142288,380.56559557169726,8.441891208333333,0.3023717083333333,-3.334261,-0.0509636141582344,0.104021623418862,-0.0747000919853573,27.00577147836798,213.52215262988298,4.385365533551891
1403638224195097088,51.617861,240.85886399611744,11.089686708333334,-0.171616375,-3.8082490833333327,0.0216420827247296,-0.0621337213709981,0.0733038285837618,23.381270036099064,237.48933851154212,4.649564859928262
1403638224445096960,49.040317,313.4183339511374,9.316317499999998,0.465815875,-3.7673880416666665,0.0837758040957278,0.1926843494201739,0.2408554367752175,30.85857867175843,252.80514558364362,3.2865278198689225
1403638224695097088,38.485288,158.7461991291728,10.051816249999998,0.7191543333333333,-3.726527,0.0062831853071795,-0.2624975194999471,0.0439822971502571,13.749792131622804,264.62527906459627,2.6528885452979694
1403638224945096960,50.112724,204.50956236235697,9.749444541666666,0.3595771666666666,-3.92266,0.1026253600172665,0.2624975194999471,0.2792526803190927,4.878524906712093,267.6098201341403,-0.7513860911894881
1403638225195097088,50.372362,285.60320998901443,9.013945791666666,0.4494714583333333,-3.930832208333333,-0.0328121899374933,-0.1117010721276371,-0.104021623418862,8.064336049606917,259.9872576946799,-0.6738173967708576
1403638225445096960,60.37879,202.57048366365692,9.275456458333332,1.1359369583333332,-3.415983083333333,-0.0349065850398865,0.3993313328563026,0.0586430628670094,4.5030378400499425,255.63649412219584,-0.8048950617643129
1403638225695097088,39.749384,256.0738176279033,7.616498166666665,-1.0787315,-2.2963905416666663,-0.025830872929516,-0.0335103216382911,0.0349065850398865,8.614459984980119,262.9850074423508,3.494170258556778
